{"cameraMode":{"drawMode":0,"name":"Shaded","section":"Shading Mode"},"sceneLighting":false,"audioPlay":false,"sceneViewState":{"showFog":false,"showMaterialUpdate":false,"showSkybox":false,"showFlares":false,"showImageEffects":false,"showParticleSystems":false},"in2DMode":false,"pivot":{"x":5.7622551918029789,"y":0.491699755191803,"z":-10.925345420837403},"rotation":{"x":0.023613326251506807,"y":0.9465638995170593,"z":-0.07143998891115189,"w":0.3138091266155243},"size":5.764517784118652,"orthographic":false}