{"cameraMode":{"drawMode":0,"name":"Shaded","section":"Shading Mode"},"sceneLighting":false,"audioPlay":false,"sceneViewState":{"showFog":false,"showMaterialUpdate":false,"showSkybox":false,"showFlares":false,"showImageEffects":false,"showParticleSystems":false},"in2DMode":false,"pivot":{"x":-55.88454818725586,"y":4.834897041320801,"z":42.76457214355469},"rotation":{"x":0.012516571208834648,"y":0.7085633277893066,"z":-0.0033137972932308914,"w":-0.7055482864379883},"size":4.041658401489258,"orthographic":false}