{"cameraMode":{"drawMode":0,"name":"Shaded","section":"Shading Mode"},"sceneLighting":false,"audioPlay":false,"sceneViewState":{"showFog":false,"showMaterialUpdate":false,"showSkybox":false,"showFlares":false,"showImageEffects":false,"showParticleSystems":false},"in2DMode":false,"pivot":{"x":-0.03550291061401367,"y":2.475886344909668,"z":0.6287689208984375},"rotation":{"x":0.27374306321144106,"y":0.1790551245212555,"z":-0.05180986225605011,"w":0.943683922290802},"size":12.891684532165528,"orthographic":false}