{"cameraMode":{"drawMode":0,"name":"Shaded","section":"Shading Mode"},"sceneLighting":false,"audioPlay":false,"sceneViewState":{"showFog":false,"showMaterialUpdate":false,"showSkybox":false,"showFlares":false,"showImageEffects":false,"showParticleSystems":false},"in2DMode":false,"pivot":{"x":0.0,"y":0.42000001668930056,"z":1.2300000190734864},"rotation":{"x":-0.010781914927065373,"y":0.0758407860994339,"z":-0.0007585552521049976,"w":-0.9971216320991516},"size":6.044191837310791,"orthographic":false}