{"cameraMode":{"drawMode":0,"name":"Shaded","section":"Shading Mode"},"sceneLighting":false,"audioPlay":false,"sceneViewState":{"showFog":false,"showMaterialUpdate":false,"showSkybox":false,"showFlares":false,"showImageEffects":false,"showParticleSystems":false},"in2DMode":false,"pivot":{"x":0.70648193359375,"y":1.2994804382324219,"z":-66.99565124511719},"rotation":{"x":0.002949748421087861,"y":-0.8524303436279297,"z":-0.004868427757173777,"w":-0.5228798389434815},"size":168.81329345703126,"orthographic":false}