{"cameraMode":{"drawMode":0,"name":"Shaded","section":"Shading Mode"},"sceneLighting":false,"audioPlay":false,"sceneViewState":{"showFog":false,"showMaterialUpdate":false,"showSkybox":false,"showFlares":false,"showImageEffects":false,"showParticleSystems":false},"in2DMode":false,"pivot":{"x":1.4406496286392213,"y":0.40704965591430666,"z":-0.8514952659606934},"rotation":{"x":0.009518987499177456,"y":0.9483463764190674,"z":-0.02877141162753105,"w":0.31597644090652468},"size":5.144191265106201,"orthographic":false}