{"cameraMode":{"drawMode":0,"name":"Shaded","section":"Shading Mode"},"sceneLighting":false,"audioPlay":false,"sceneViewState":{"showFog":false,"showMaterialUpdate":false,"showSkybox":false,"showFlares":false,"showImageEffects":false,"showParticleSystems":false},"in2DMode":false,"pivot":{"x":-15.984868049621582,"y":-4.008251667022705,"z":-41.084476470947269},"rotation":{"x":-0.010781914927065373,"y":0.0758407860994339,"z":-0.0007585552521049976,"w":-0.9971216320991516},"size":31.666263580322267,"orthographic":false}