{"cameraMode":{"drawMode":0,"name":"Shaded","section":"Shading Mode"},"sceneLighting":false,"audioPlay":false,"sceneViewState":{"showFog":false,"showMaterialUpdate":false,"showSkybox":false,"showFlares":false,"showImageEffects":false,"showParticleSystems":false},"in2DMode":false,"pivot":{"x":0.073028564453125,"y":0.05858039855957031,"z":-76.63934326171875},"rotation":{"x":0.002949748421087861,"y":-0.8524303436279297,"z":-0.004868427757173777,"w":-0.5228798389434815},"size":335.0182189941406,"orthographic":false}