{"cameraMode":{"drawMode":0,"name":"Shaded","section":"Shading Mode"},"sceneLighting":false,"audioPlay":false,"sceneViewState":{"showFog":false,"showMaterialUpdate":false,"showSkybox":false,"showFlares":false,"showImageEffects":false,"showParticleSystems":false},"in2DMode":false,"pivot":{"x":-0.0000015220521163428203,"y":-0.0000019063700165133924,"z":-6.278169166762382e-7},"rotation":{"x":0.27374306321144106,"y":0.1790551245212555,"z":-0.05180986225605011,"w":0.943683922290802},"size":0.00005715767838410102,"orthographic":false}