{"cameraMode":{"drawMode":0,"name":"Shaded","section":"Shading Mode"},"sceneLighting":false,"audioPlay":false,"sceneViewState":{"showFog":false,"showMaterialUpdate":false,"showSkybox":false,"showFlares":false,"showImageEffects":false,"showParticleSystems":false},"in2DMode":false,"pivot":{"x":0.3500000238418579,"y":-0.26999998092651369,"z":0.699999988079071},"rotation":{"x":-0.2412649393081665,"y":-0.6523074507713318,"z":0.23133563995361329,"w":-0.6802874803543091},"size":4.300361156463623,"orthographic":false}