{"cameraMode":{"drawMode":0,"name":"Shaded","section":"Shading Mode"},"sceneLighting":false,"audioPlay":false,"sceneViewState":{"showFog":false,"showMaterialUpdate":false,"showSkybox":false,"showFlares":false,"showImageEffects":false,"showParticleSystems":false},"in2DMode":false,"pivot":{"x":5.594980239868164,"y":-0.6156984567642212,"z":-9.002008438110352},"rotation":{"x":-0.00948514323681593,"y":-0.9575675129890442,"z":0.03192472457885742,"w":-0.28649210929870608},"size":19.578792572021486,"orthographic":false}