{"cameraMode":{"drawMode":0,"name":"Shaded","section":"Shading Mode"},"sceneLighting":false,"audioPlay":false,"sceneViewState":{"showFog":false,"showMaterialUpdate":false,"showSkybox":false,"showFlares":false,"showImageEffects":false,"showParticleSystems":false},"in2DMode":false,"pivot":{"x":0.6792335510253906,"y":-0.06749915331602097,"z":-0.33818671107292178},"rotation":{"x":0.000962240097578615,"y":-0.9954017996788025,"z":-0.010146490298211575,"w":-0.09556014090776444},"size":2.800361156463623,"orthographic":false}