{"cameraMode":{"drawMode":0,"name":"Shaded","section":"Shading Mode"},"sceneLighting":false,"audioPlay":false,"sceneViewState":{"showFog":false,"showMaterialUpdate":false,"showSkybox":false,"showFlares":false,"showImageEffects":false,"showParticleSystems":false},"in2DMode":false,"pivot":{"x":-4.417745113372803,"y":2.7276835441589357,"z":4.083551406860352},"rotation":{"x":-0.12452377378940582,"y":-0.8270294666290283,"z":-0.2021406888961792,"w":0.5096785426139832},"size":30.05507469177246,"orthographic":false}