{"cameraMode":{"drawMode":0,"name":"Shaded","section":"Shading Mode"},"sceneLighting":false,"audioPlay":false,"sceneViewState":{"showFog":false,"showMaterialUpdate":false,"showSkybox":false,"showFlares":false,"showImageEffects":false,"showParticleSystems":false},"in2DMode":false,"pivot":{"x":-0.0000019500384951243179,"y":-0.000004623834684025496,"z":-0.0000027436763048171999},"rotation":{"x":0.3206329047679901,"y":0.16790321469306947,"z":-0.05772626772522926,"w":0.9305324554443359},"size":0.00005715767838410102,"orthographic":false}