{"cameraMode":{"drawMode":0,"name":"Shaded","section":"Shading Mode"},"sceneLighting":false,"audioPlay":false,"sceneViewState":{"showFog":false,"showMaterialUpdate":false,"showSkybox":false,"showFlares":false,"showImageEffects":false,"showParticleSystems":false},"in2DMode":false,"pivot":{"x":0.37926971912384035,"y":1.8326427936553956,"z":-0.7255415916442871},"rotation":{"x":0.27374306321144106,"y":0.1790551245212555,"z":-0.05180986225605011,"w":0.943683922290802},"size":11.445138931274414,"orthographic":false}