{"cameraMode":{"drawMode":0,"name":"Shaded","section":"Shading Mode"},"sceneLighting":false,"audioPlay":false,"sceneViewState":{"showFog":false,"showMaterialUpdate":false,"showSkybox":false,"showFlares":false,"showImageEffects":false,"showParticleSystems":false},"in2DMode":false,"pivot":{"x":0.11486142873764038,"y":1.7081468105316163,"z":-0.01007080078125},"rotation":{"x":0.27374306321144106,"y":0.1790551245212555,"z":-0.05180986225605011,"w":0.943683922290802},"size":12.177401542663575,"orthographic":false}