{"cameraMode":{"drawMode":0,"name":"Shaded","section":"Shading Mode"},"sceneLighting":false,"audioPlay":false,"sceneViewState":{"showFog":false,"showMaterialUpdate":false,"showSkybox":false,"showFlares":false,"showImageEffects":false,"showParticleSystems":false},"in2DMode":false,"pivot":{"x":2.7985992431640627,"y":0.13150978088378907,"z":-61.131935119628909},"rotation":{"x":0.002949748421087861,"y":-0.8524303436279297,"z":-0.004868427757173777,"w":-0.5228798389434815},"size":289.0072937011719,"orthographic":false}