{"cameraMode":{"drawMode":0,"name":"Shaded","section":"Shading Mode"},"sceneLighting":false,"audioPlay":false,"sceneViewState":{"showFog":false,"showMaterialUpdate":false,"showSkybox":false,"showFlares":false,"showImageEffects":false,"showParticleSystems":false},"in2DMode":false,"pivot":{"x":0.20509517192840577,"y":0.5277155637741089,"z":-0.08669713139533997},"rotation":{"x":0.006708458997309208,"y":-0.9639977216720581,"z":-0.024281365796923639,"w":-0.2649352252483368},"size":3.669872760772705,"orthographic":false}