{"cameraMode":{"drawMode":0,"name":"Shaded","section":"Shading Mode"},"sceneLighting":false,"audioPlay":false,"sceneViewState":{"showFog":false,"showMaterialUpdate":false,"showSkybox":false,"showFlares":false,"showImageEffects":false,"showParticleSystems":false},"in2DMode":false,"pivot":{"x":1.927861213684082,"y":1.9408931732177735,"z":-1.6467394828796387},"rotation":{"x":0.14560110867023469,"y":0.5923700928688049,"z":-0.10970108211040497,"w":0.7849079966545105},"size":8.306649208068848,"orthographic":false}